PassengerId,Survived,Pclass,Age,SibSp,Parch,Fare,Sex_male,Embarked_Q,Embarked_S
1,0,3,0.2711736617240512,0.125,0.0,0.014151057562208049,True,False,True
3,1,3,0.32143754712239253,0.0,0.0,0.015468569817999833,False,False,True
4,1,1,0.4345312892686604,0.125,0.0,0.10364429745562033,False,False,True
5,0,3,0.4345312892686604,0.0,0.0,0.015712553569072387,True,False,True
6,0,3,0.34656948982156316,0.0,0.0,0.01650950209357577,True,True,False
7,0,1,0.6732847449107816,0.0,0.0,0.10122885832000206,True,False,True
10,1,2,0.17064589092736868,0.125,0.0,0.058694292654020104,False,False,False
13,0,3,0.24604171902488062,0.0,0.0,0.015712553569072387,True,False,True
15,0,3,0.17064589092736868,0.0,0.0,0.015330377421392339,False,False,True
18,1,2,0.34656948982156316,0.0,0.0,0.025374310111545468,True,False,True
19,0,3,0.38426740387031916,0.125,0.0,0.03513366015444757,False,False,True
20,1,3,0.34656948982156316,0.0,0.0,0.014102260811993537,False,False,False
21,0,2,0.4345312892686604,0.0,0.0,0.050748620223090936,True,False,True
22,1,2,0.4219653179190751,0.0,0.0,0.025374310111545468,True,False,True
23,1,3,0.18321186227695402,0.0,0.0,0.015671954672893913,False,True,False
24,1,1,0.34656948982156316,0.0,0.0,0.06929138530460494,True,False,True
27,0,3,0.34656948982156316,0.0,0.0,0.014102260811993537,True,False,False
29,1,3,0.34656948982156316,0.0,0.0,0.01537917417160685,False,True,False
30,0,3,0.34656948982156316,0.0,0.0,0.015411575213749286,True,False,True
31,0,1,0.49736114601658704,0.0,0.0,0.05410739813385612,True,False,False
33,1,3,0.34656948982156316,0.0,0.0,0.015126992566498259,False,True,False
36,0,1,0.5224930887157577,0.125,0.0,0.10149724044618187,True,False,True
37,1,3,0.34656948982156316,0.0,0.0,0.014110458666029575,True,False,False
38,0,3,0.2586076903744659,0.0,0.0,0.015712553569072387,True,False,True
39,0,3,0.22090977632571,0.25,0.0,0.03513366015444757,False,False,True
40,1,3,0.17064589092736868,0.125,0.0,0.021942337075458514,False,False,False
41,0,3,0.49736114601658704,0.125,0.0,0.018493968331299484,False,False,True
42,0,2,0.33400351847197784,0.125,0.0,0.04098927018018883,False,False,True
43,0,3,0.34656948982156316,0.0,0.0,0.015411575213749286,True,False,False
45,1,3,0.2334757476752953,0.0,0.0,0.01537917417160685,False,True,False
46,0,3,0.34656948982156316,0.0,0.0,0.015712553569072387,True,False,True
47,0,3,0.34656948982156316,0.125,0.0,0.030253985132996517,True,True,False
48,1,3,0.34656948982156316,0.0,0.0,0.015126992566498259,False,True,False
49,0,3,0.34656948982156316,0.25,0.0,0.04231498029001666,True,False,False
50,0,3,0.22090977632571,0.125,0.0,0.034743286152731485,False,False,True
52,0,3,0.2586076903744659,0.0,0.0,0.01522458606692728,True,False,True
54,1,2,0.35913546117114853,0.125,0.0,0.050748620223090936,False,False,True
56,1,1,0.34656948982156316,0.0,0.0,0.06929138530460494,True,False,True
57,1,2,0.2586076903744659,0.0,0.0,0.020494635090094415,False,False,True
58,0,3,0.35285247549635584,0.0,0.0,0.014110458666029575,True,False,False
61,0,3,0.2711736617240512,0.0,0.0,0.014110458666029575,True,False,False
65,0,1,0.34656948982156316,0.0,0.0,0.05410739813385612,True,False,False
67,1,2,0.35913546117114853,0.0,0.0,0.020494635090094415,False,False,True
68,0,3,0.2334757476752953,0.0,0.0,0.015923941091001644,True,False,True
70,0,3,0.32143754712239253,0.25,0.0,0.016908073949327893,True,False,True
71,0,2,0.39683337521990447,0.0,0.0,0.020494635090094415,True,False,True
74,0,3,0.32143754712239253,0.125,0.0,0.028212719478023115,True,False,False
75,1,3,0.39683337521990447,0.0,0.0,0.11027245763075773,True,False,True
76,0,3,0.3088715757728072,0.0,0.0,0.014931805565640218,True,False,True
77,0,3,0.34656948982156316,0.0,0.0,0.015411575213749286,True,False,True
78,0,3,0.34656948982156316,0.0,0.0,0.015712553569072387,True,False,True
80,1,3,0.37170143252073384,0.0,0.0,0.024349578357040744,False,False,True
81,0,3,0.2711736617240512,0.0,0.0,0.017566830077223785,True,False,True
82,1,3,0.35913546117114853,0.0,0.0,0.018542765081513996,True,False,True
83,1,3,0.34656948982156316,0.0,0.0,0.015200187691820024,False,True,False
84,0,1,0.34656948982156316,0.0,0.0,0.09193307740413781,True,False,True
85,1,2,0.20834380497612465,0.0,0.0,0.020494635090094415,False,False,True
88,0,3,0.34656948982156316,0.0,0.0,0.015712553569072387,True,False,True
90,0,3,0.2963056044232219,0.0,0.0,0.015712553569072387,True,False,True
91,0,3,0.35913546117114853,0.0,0.0,0.015712553569072387,True,False,True
92,0,3,0.24604171902488062,0.0,0.0,0.015330377421392339,True,False,True
93,0,1,0.5727569741140991,0.125,0.0,0.11940564777490723,True,False,True
96,0,3,0.34656948982156316,0.0,0.0,0.015712553569072387,True,False,True
100,0,2,0.4219653179190751,0.125,0.0,0.050748620223090936,True,False,True
101,0,3,0.34656948982156316,0.0,0.0,0.015411575213749286,False,False,True
102,0,3,0.34656948982156316,0.0,0.0,0.015411575213749286,True,False,True
104,0,3,0.4093993465694898,0.0,0.0,0.016891873428256675,True,False,True
105,0,3,0.4596632319678311,0.25,0.0,0.015468569817999833,True,False,True
106,0,3,0.34656948982156316,0.0,0.0,0.015411575213749286,True,False,True
107,1,3,0.2586076903744659,0.0,0.0,0.014931805565640218,False,False,True
108,1,3,0.34656948982156316,0.0,0.0,0.015175789316712771,True,False,True
109,0,3,0.4722292033174164,0.0,0.0,0.015411575213749286,True,False,True
110,1,3,0.34656948982156316,0.125,0.0,0.04713766070721715,False,True,False
111,0,1,0.5853229454636844,0.0,0.0,0.10149724044618187,True,False,True
112,0,3,0.17692887660216136,0.125,0.0,0.028212719478023115,False,False,False
113,0,3,0.2711736617240512,0.0,0.0,0.015712553569072387,True,False,True
114,0,3,0.24604171902488062,0.125,0.0,0.019177122834302632,False,False,True
115,0,3,0.20834380497612465,0.0,0.0,0.028220722145058292,False,False,False
116,0,3,0.2586076903744659,0.0,0.0,0.015468569817999833,True,False,True
118,0,2,0.35913546117114853,0.125,0.0,0.04098927018018883,True,False,True
122,0,3,0.34656948982156316,0.0,0.0,0.015712553569072387,True,False,True
123,0,2,0.40311636089469716,0.125,0.0,0.058694292654020104,True,False,False
124,1,2,0.40311636089469716,0.0,0.0,0.025374310111545468,False,False,True
126,1,3,0.14551394822819805,0.125,0.0,0.021942337075458514,True,False,False
127,0,3,0.34656948982156316,0.0,0.0,0.015126992566498259,True,True,False
128,1,3,0.2963056044232219,0.0,0.0,0.01393967004027879,True,False,True
130,0,3,0.5601910027645137,0.0,0.0,0.013614293309848433,True,False,True
131,0,3,0.4093993465694898,0.0,0.0,0.015411575213749286,True,False,False
132,0,3,0.24604171902488062,0.0,0.0,0.013760683560491965,True,False,True
133,0,3,0.5853229454636844,0.125,0.0,0.028302115124416098,False,False,True
134,1,2,0.35913546117114853,0.125,0.0,0.050748620223090936,False,False,True
135,0,2,0.3088715757728072,0.0,0.0,0.025374310111545468,True,False,True
136,0,2,0.2837396330736366,0.0,0.0,0.02936744577509929,True,False,False
138,0,1,0.4596632319678311,0.125,0.0,0.10364429745562033,True,False,True
139,0,3,0.19577783362653933,0.0,0.0,0.01798980030808316,True,False,True
142,1,3,0.2711736617240512,0.0,0.0,0.015126992566498259,False,False,True
143,1,3,0.2963056044232219,0.125,0.0,0.030937139635999665,False,False,True
144,0,3,0.2334757476752953,0.0,0.0,0.013175122557917838,True,True,False
145,0,2,0.22090977632571,0.0,0.0,0.022446505098674838,True,False,True
147,1,3,0.33400351847197784,0.0,0.0,0.015216388212891242,True,False,True
150,0,2,0.5224930887157577,0.0,0.0,0.025374310111545468,True,False,True
151,0,2,0.6355868308620256,0.0,0.0,0.02444717185746977,True,False,True
155,0,3,0.34656948982156316,0.0,0.0,0.014273049437744325,True,False,True
157,1,3,0.19577783362653933,0.0,0.0,0.015094396337354966,False,True,False
158,0,3,0.37170143252073384,0.0,0.0,0.015712553569072387,True,False,True
159,0,3,0.34656948982156316,0.0,0.0,0.016908073949327893,True,False,True
162,1,2,0.49736114601658704,0.0,0.0,0.030741952635141623,False,False,True
163,0,3,0.32143754712239253,0.0,0.0,0.015175789316712771,True,False,True
164,0,3,0.20834380497612465,0.0,0.0,0.016908073949327893,True,False,True
169,0,1,0.34656948982156316,0.0,0.0,0.050602229972447406,True,False,True
170,0,3,0.34656948982156316,0.0,0.0,0.11027245763075773,True,False,True
174,0,3,0.2586076903744659,0.0,0.0,0.015468569817999833,True,False,True
178,0,1,0.6230208595124404,0.0,0.0,0.05604306762136532,False,False,False
179,0,2,0.37170143252073384,0.0,0.0,0.025374310111545468,True,False,True
180,0,3,0.4470972606182458,0.0,0.0,0.0,True,False,True
182,0,2,0.34656948982156316,0.0,0.0,0.02937564362913533,True,False,False
186,0,1,0.34656948982156316,0.0,0.0,0.09759350042902103,True,False,True
187,1,3,0.34656948982156316,0.125,0.0,0.030253985132996517,False,True,False
188,1,1,0.5601910027645137,0.0,0.0,0.051822148727810165,True,False,True
190,0,3,0.4470972606182458,0.0,0.0,0.015411575213749286,True,False,True
191,1,2,0.39683337521990447,0.0,0.0,0.025374310111545468,False,False,True
192,0,2,0.2334757476752953,0.0,0.0,0.025374310111545468,True,False,True
193,1,3,0.2334757476752953,0.125,0.0,0.015330377421392339,False,False,True
195,1,1,0.5476250314149284,0.0,0.0,0.05410739813385612,False,False,False
197,0,3,0.34656948982156316,0.0,0.0,0.015126992566498259,True,True,False
199,1,3,0.34656948982156316,0.0,0.0,0.015126992566498259,False,True,False
200,0,2,0.2963056044232219,0.0,0.0,0.025374310111545468,False,False,True
201,0,3,0.34656948982156316,0.0,0.0,0.018542765081513996,True,False,True
203,0,3,0.4219653179190751,0.0,0.0,0.012678957201736696,True,False,True
204,0,3,0.5664739884393064,0.0,0.0,0.014102260811993537,True,False,False
205,1,3,0.22090977632571,0.0,0.0,0.015712553569072387,True,False,True
207,0,3,0.39683337521990447,0.125,0.0,0.030937139635999665,True,False,True
208,1,3,0.32143754712239253,0.0,0.0,0.036670757786204655,True,False,False
209,1,3,0.19577783362653933,0.0,0.0,0.015126992566498259,False,True,False
210,1,1,0.49736114601658704,0.0,0.0,0.060507970265993034,True,False,False
211,0,3,0.2963056044232219,0.0,0.0,0.013760683560491965,True,False,True
212,1,2,0.4345312892686604,0.0,0.0,0.04098927018018883,False,False,True
213,0,3,0.2711736617240512,0.0,0.0,0.014151057562208049,True,False,True
214,0,2,0.37170143252073384,0.0,0.0,0.025374310111545468,True,False,True
215,0,3,0.34656948982156316,0.125,0.0,0.015126992566498259,True,True,False
217,1,3,0.33400351847197784,0.0,0.0,0.015468569817999833,False,False,True
218,0,2,0.5224930887157577,0.125,0.0,0.05270049023167135,True,False,True
220,0,2,0.37170143252073384,0.0,0.0,0.020494635090094415,True,False,True
221,1,3,0.19577783362653933,0.0,0.0,0.015712553569072387,True,False,True
222,0,2,0.33400351847197784,0.0,0.0,0.025374310111545468,True,False,True
223,0,3,0.6355868308620256,0.0,0.0,0.015712553569072387,True,False,True
224,0,3,0.34656948982156316,0.0,0.0,0.015411575213749286,True,False,True
226,0,3,0.2711736617240512,0.0,0.0,0.018249984580226933,True,False,True
227,1,2,0.2334757476752953,0.0,0.0,0.020494635090094415,True,False,True
228,0,3,0.2523247046996733,0.0,0.0,0.014151057562208049,True,False,True
229,0,2,0.22090977632571,0.0,0.0,0.025374310111545468,True,False,True
232,0,3,0.35913546117114853,0.0,0.0,0.015175789316712771,True,False,True
235,0,2,0.2963056044232219,0.0,0.0,0.020494635090094415,True,False,True
236,0,3,0.34656948982156316,0.0,0.0,0.014736618564782174,False,False,True
237,0,2,0.5476250314149284,0.125,0.0,0.050748620223090936,True,False,True
239,0,2,0.2334757476752953,0.0,0.0,0.020494635090094415,True,False,True
240,0,2,0.4093993465694898,0.0,0.0,0.023959204355324663,True,False,True
241,0,3,0.34656948982156316,0.125,0.0,0.028212719478023115,False,False,False
242,1,3,0.34656948982156316,0.125,0.0,0.030253985132996517,False,True,False
243,0,2,0.35913546117114853,0.0,0.0,0.020494635090094415,True,False,True
244,0,3,0.2711736617240512,0.0,0.0,0.013907073811135496,True,False,True
245,0,3,0.37170143252073384,0.0,0.0,0.014102260811993537,True,False,False
247,0,3,0.3088715757728072,0.0,0.0,0.015175789316712771,False,False,True
250,0,2,0.6732847449107816,0.125,0.0,0.050748620223090936,True,False,True
251,0,3,0.34656948982156316,0.0,0.0,0.014151057562208049,True,False,True
254,0,3,0.37170143252073384,0.125,0.0,0.031425107138144774,True,False,True
261,0,3,0.34656948982156316,0.0,0.0,0.015126992566498259,True,True,False
264,0,1,0.49736114601658704,0.0,0.0,0.0,True,False,True
265,0,3,0.34656948982156316,0.0,0.0,0.015126992566498259,False,True,False
266,0,2,0.4470972606182458,0.0,0.0,0.020494635090094415,True,False,True
268,1,3,0.3088715757728072,0.125,0.0,0.015175789316712771,True,False,True
271,0,1,0.34656948982156316,0.0,0.0,0.060507970265993034,True,False,True
272,1,3,0.3088715757728072,0.0,0.0,0.0,True,False,True
275,1,3,0.34656948982156316,0.0,0.0,0.015126992566498259,False,True,False
277,0,3,0.5601910027645137,0.0,0.0,0.015126992566498259,False,False,True
278,0,2,0.34656948982156316,0.0,0.0,0.0,True,False,True
282,0,3,0.34656948982156316,0.0,0.0,0.015330377421392339,True,False,True
283,0,3,0.19577783362653933,0.0,0.0,0.018542765081513996,True,False,True
284,1,3,0.2334757476752953,0.0,0.0,0.015712553569072387,True,False,True
285,0,1,0.34656948982156316,0.0,0.0,0.050748620223090936,True,False,True
286,0,3,0.4093993465694898,0.0,0.0,0.016908073949327893,True,False,False
287,1,3,0.37170143252073384,0.0,0.0,0.018542765081513996,True,False,True
288,0,3,0.2711736617240512,0.0,0.0,0.015411575213749286,True,False,True
289,1,2,0.5224930887157577,0.0,0.0,0.025374310111545468,True,False,True
290,1,3,0.2711736617240512,0.0,0.0,0.015126992566498259,False,True,False
293,0,2,0.4470972606182458,0.0,0.0,0.025130326360472913,True,False,False
294,0,3,0.2963056044232219,0.0,0.0,0.01727404957593672,False,False,True
295,0,3,0.2963056044232219,0.0,0.0,0.015411575213749286,True,False,True
296,0,1,0.34656948982156316,0.0,0.0,0.05410739813385612,True,False,False
297,0,3,0.2900226187484292,0.0,0.0,0.014110458666029575,True,False,False
299,1,1,0.34656948982156316,0.0,0.0,0.05953203526170282,True,False,True
301,1,3,0.34656948982156316,0.0,0.0,0.015126992566498259,False,True,False
302,1,3,0.34656948982156316,0.25,0.0,0.04538097769949478,True,True,False
303,0,3,0.2334757476752953,0.0,0.0,0.0,True,False,True
304,1,2,0.34656948982156316,0.0,0.0,0.024105594605968193,False,True,False
305,0,3,0.34656948982156316,0.0,0.0,0.015712553569072387,True,False,True
309,0,2,0.37170143252073384,0.125,0.0,0.04684488020593009,True,False,False
310,1,1,0.37170143252073384,0.0,0.0,0.11111839809247648,False,False,False
314,0,3,0.34656948982156316,0.0,0.0,0.015411575213749286,True,False,True
316,1,3,0.32143754712239253,0.0,0.0,0.015330377421392339,False,False,True
317,1,2,0.2963056044232219,0.125,0.0,0.050748620223090936,False,False,True
318,0,2,0.6732847449107816,0.0,0.0,0.027326180120125887,True,False,True
321,0,3,0.2711736617240512,0.0,0.0,0.014151057562208049,True,False,True
322,0,3,0.33400351847197784,0.0,0.0,0.015411575213749286,True,False,True
323,1,2,0.37170143252073384,0.0,0.0,0.024105594605968193,False,True,False
328,1,2,0.4470972606182458,0.0,0.0,0.025374310111545468,False,False,True
331,1,3,0.34656948982156316,0.25,0.0,0.04538097769949478,False,True,False
332,0,1,0.5664739884393064,0.0,0.0,0.055628295244541985,True,False,True
334,0,3,0.19577783362653933,0.25,0.0,0.03513366015444757,True,False,True
336,0,3,0.34656948982156316,0.0,0.0,0.015411575213749286,True,False,True
339,1,3,0.5601910027645137,0.0,0.0,0.015712553569072387,True,False,True
340,0,1,0.5601910027645137,0.0,0.0,0.06929138530460494,True,False,True
343,0,2,0.34656948982156316,0.0,0.0,0.025374310111545468,True,False,True
344,0,2,0.3088715757728072,0.0,0.0,0.025374310111545468,True,False,True
345,0,2,0.4470972606182458,0.0,0.0,0.025374310111545468,True,False,True
346,1,2,0.2963056044232219,0.0,0.0,0.025374310111545468,False,False,True
347,1,2,0.49736114601658704,0.0,0.0,0.025374310111545468,False,False,True
348,1,3,0.34656948982156316,0.125,0.0,0.031425107138144774,False,False,True
350,0,3,0.5224930887157577,0.0,0.0,0.016908073949327893,True,False,True
351,0,3,0.2837396330736366,0.0,0.0,0.01800600082915438,True,False,True
352,0,1,0.34656948982156316,0.0,0.0,0.06831545030031472,True,False,True
354,0,3,0.3088715757728072,0.125,0.0,0.034743286152731485,True,False,True
355,0,3,0.34656948982156316,0.0,0.0,0.014102260811993537,True,False,False
356,0,3,0.34656948982156316,0.0,0.0,0.018542765081513996,True,False,True
358,0,2,0.4722292033174164,0.0,0.0,0.025374310111545468,False,False,True
359,1,3,0.34656948982156316,0.0,0.0,0.01537917417160685,False,True,False
360,1,3,0.34656948982156316,0.0,0.0,0.01537917417160685,False,True,False
362,0,2,0.35913546117114853,0.125,0.0,0.05410739813385612,True,False,False
364,0,3,0.4345312892686604,0.0,0.0,0.013760683560491965,True,False,True
365,0,3,0.34656948982156316,0.125,0.0,0.030253985132996517,True,True,False
366,0,3,0.37170143252073384,0.0,0.0,0.014151057562208049,True,False,True
368,1,3,0.34656948982156316,0.0,0.0,0.014110458666029575,False,False,False
369,1,3,0.34656948982156316,0.0,0.0,0.015126992566498259,False,True,False
371,1,1,0.3088715757728072,0.125,0.0,0.1082149914547131,True,False,False
372,0,3,0.22090977632571,0.125,0.0,0.012678957201736696,True,False,True
373,0,3,0.2334757476752953,0.0,0.0,0.015712553569072387,True,False,True
377,1,3,0.2711736617240512,0.0,0.0,0.014151057562208049,False,False,True
379,0,3,0.24604171902488062,0.0,0.0,0.007831878409428937,True,False,False
380,0,3,0.2334757476752953,0.0,0.0,0.015175789316712771,True,False,True
383,0,3,0.39683337521990447,0.0,0.0,0.015468569817999833,True,False,True
384,1,1,0.4345312892686604,0.125,0.0,0.10149724044618187,False,False,True
385,0,3,0.34656948982156316,0.0,0.0,0.015411575213749286,True,False,True
388,1,2,0.4470972606182458,0.0,0.0,0.025374310111545468,False,False,True
389,0,3,0.34656948982156316,0.0,0.0,0.015086393670319786,True,True,False
390,1,2,0.20834380497612465,0.0,0.0,0.023422440102965045,False,False,False
392,1,3,0.2586076903744659,0.0,0.0,0.015216388212891242,True,False,True
393,0,3,0.34656948982156316,0.25,0.0,0.015468569817999833,True,False,True
396,0,3,0.2711736617240512,0.0,0.0,0.015216388212891242,True,False,True
397,0,3,0.38426740387031916,0.0,0.0,0.015330377421392339,False,False,True
398,0,2,0.5727569741140991,0.0,0.0,0.050748620223090936,True,False,True
399,0,2,0.2837396330736366,0.0,0.0,0.020494635090094415,True,False,True
400,1,2,0.34656948982156316,0.0,0.0,0.02469115560854232,False,False,True
401,1,3,0.4847951746670017,0.0,0.0,0.015468569817999833,True,False,True
402,0,3,0.32143754712239253,0.0,0.0,0.015712553569072387,True,False,True
403,0,3,0.2586076903744659,0.125,0.0,0.019177122834302632,False,False,True
404,0,3,0.34656948982156316,0.125,0.0,0.030937139635999665,True,False,True
405,0,3,0.24604171902488062,0.0,0.0,0.016908073949327893,False,False,True
406,0,2,0.4219653179190751,0.125,0.0,0.04098927018018883,True,False,True
407,0,3,0.6355868308620256,0.0,0.0,0.015126992566498259,True,False,True
409,0,3,0.2586076903744659,0.0,0.0,0.015175789316712771,True,False,True
411,0,3,0.34656948982156316,0.0,0.0,0.015411575213749286,True,False,True
412,0,3,0.34656948982156316,0.0,0.0,0.013386510079847098,True,True,False
414,0,2,0.34656948982156316,0.0,0.0,0.0,True,False,True
415,1,3,0.5476250314149284,0.0,0.0,0.015468569817999833,True,False,True
416,0,3,0.34656948982156316,0.0,0.0,0.015712553569072387,False,False,True
419,0,2,0.37170143252073384,0.0,0.0,0.025374310111545468,True,False,True
421,0,3,0.34656948982156316,0.0,0.0,0.015411575213749286,True,False,False
422,0,3,0.2586076903744659,0.0,0.0,0.015094396337354966,True,True,False
423,0,3,0.35913546117114853,0.0,0.0,0.015370976317570811,True,False,True
426,0,3,0.34656948982156316,0.0,0.0,0.014151057562208049,True,False,True
427,1,2,0.34656948982156316,0.125,0.0,0.050748620223090936,False,False,True
428,1,2,0.2334757476752953,0.0,0.0,0.050748620223090936,False,False,True
429,0,3,0.34656948982156316,0.0,0.0,0.015126992566498259,True,True,False
430,1,3,0.39683337521990447,0.0,0.0,0.015712553569072387,True,False,True
431,1,1,0.34656948982156316,0.0,0.0,0.051822148727810165,True,False,True
432,1,3,0.34656948982156316,0.125,0.0,0.031425107138144774,False,False,True
433,1,2,0.5224930887157577,0.125,0.0,0.050748620223090936,False,False,True
434,0,3,0.20834380497612465,0.0,0.0,0.013907073811135496,True,False,True
435,0,1,0.6230208595124404,0.125,0.0,0.1091095334796455,True,False,True
440,0,2,0.38426740387031916,0.0,0.0,0.020494635090094415,True,False,True
442,0,3,0.24604171902488062,0.0,0.0,0.018542765081513996,True,False,True
443,0,3,0.3088715757728072,0.125,0.0,0.015175789316712771,True,False,True
444,1,2,0.34656948982156316,0.0,0.0,0.025374310111545468,False,False,True
445,1,3,0.34656948982156316,0.0,0.0,0.015834545444608664,True,False,True
448,1,1,0.4219653179190751,0.0,0.0,0.051822148727810165,True,False,True
450,1,1,0.648152802211611,0.0,0.0,0.05953203526170282,True,False,True
452,0,3,0.34656948982156316,0.125,0.0,0.03897240290032268,True,False,True
453,0,1,0.37170143252073384,0.0,0.0,0.05416439273810667,True,False,False
455,0,3,0.34656948982156316,0.0,0.0,0.015712553569072387,True,False,True
456,1,3,0.35913546117114853,0.0,0.0,0.015411575213749286,True,False,False
458,1,1,0.34656948982156316,0.125,0.0,0.10122885832000206,False,False,True
459,1,2,0.6230208595124404,0.0,0.0,0.020494635090094415,False,False,True
460,0,3,0.34656948982156316,0.0,0.0,0.015126992566498259,True,True,False
461,1,1,0.5978889168132697,0.0,0.0,0.051822148727810165,True,False,True
462,0,3,0.4219653179190751,0.0,0.0,0.015712553569072387,True,False,True
463,0,1,0.5853229454636844,0.0,0.0,0.07514699533034619,True,False,True
464,0,2,0.5978889168132697,0.0,0.0,0.025374310111545468,True,False,True
465,0,3,0.34656948982156316,0.0,0.0,0.015712553569072387,True,False,True
466,0,3,0.4722292033174164,0.0,0.0,0.013760683560491965,True,False,True
467,0,2,0.34656948982156316,0.0,0.0,0.0,True,False,True
469,0,3,0.34656948982156316,0.0,0.0,0.015078195816283748,True,True,False
471,0,3,0.34656948982156316,0.0,0.0,0.014151057562208049,True,False,True
472,0,3,0.4722292033174164,0.0,0.0,0.016908073949327893,True,False,True
474,1,2,0.2837396330736366,0.0,0.0,0.026919605597338588,False,False,False
475,0,3,0.2711736617240512,0.0,0.0,0.019201521209409888,False,False,True
476,0,1,0.34656948982156316,0.0,0.0,0.10149724044618187,True,False,True
477,0,2,0.4219653179190751,0.125,0.0,0.04098927018018883,True,False,True
478,0,3,0.35913546117114853,0.125,0.0,0.013752485706455927,True,False,True
479,0,3,0.2711736617240512,0.0,0.0,0.014679623960531627,True,False,True
482,0,2,0.34656948982156316,0.0,0.0,0.0,True,False,True
483,0,3,0.6230208595124404,0.0,0.0,0.015712553569072387,True,False,True
489,0,3,0.37170143252073384,0.0,0.0,0.015712553569072387,True,False,True
491,0,3,0.34656948982156316,0.125,0.0,0.03897240290032268,True,False,True
492,0,3,0.2586076903744659,0.0,0.0,0.014151057562208049,True,False,True
495,0,3,0.2586076903744659,0.0,0.0,0.015712553569072387,True,False,True
496,0,3,0.34656948982156316,0.0,0.0,0.028220722145058292,True,False,False
498,0,3,0.34656948982156316,0.0,0.0,0.029473237129564348,True,False,True
500,0,3,0.2963056044232219,0.0,0.0,0.015216388212891242,True,False,True
501,0,3,0.20834380497612465,0.0,0.0,0.016908073949327893,True,False,True
502,0,3,0.2586076903744659,0.0,0.0,0.015126992566498259,False,True,False
503,0,3,0.34656948982156316,0.0,0.0,0.014891206669461744,False,True,False
504,0,3,0.4596632319678311,0.0,0.0,0.018713553707264782,False,False,True
508,1,1,0.34656948982156316,0.0,0.0,0.051822148727810165,True,False,True
509,0,3,0.34656948982156316,0.0,0.0,0.04396587194327397,True,False,True
510,1,3,0.32143754712239253,0.0,0.0,0.11027245763075773,True,False,True
511,1,3,0.35913546117114853,0.0,0.0,0.015126992566498259,True,True,False
512,0,3,0.34656948982156316,0.0,0.0,0.015712553569072387,True,False,True
513,1,1,0.4470972606182458,0.0,0.0,0.05130978285055781,True,False,True
514,1,1,0.6732847449107816,0.125,0.0,0.11594107850967697,False,False,False
515,0,3,0.2963056044232219,0.0,0.0,0.014630827210317117,True,False,True
516,0,1,0.5853229454636844,0.0,0.0,0.06640417918791278,True,False,True
517,1,2,0.4219653179190751,0.0,0.0,0.020494635090094415,False,False,True
518,0,3,0.34656948982156316,0.0,0.0,0.04713766070721715,True,True,False
519,1,2,0.4470972606182458,0.125,0.0,0.050748620223090936,False,False,True
520,0,3,0.39683337521990447,0.0,0.0,0.015411575213749286,True,False,True
522,0,3,0.2711736617240512,0.0,0.0,0.015411575213749286,True,False,True
523,0,3,0.34656948982156316,0.0,0.0,0.014102260811993537,True,False,False
525,0,3,0.34656948982156316,0.0,0.0,0.014110458666029575,True,False,False
526,0,3,0.5036441316913798,0.0,0.0,0.015126992566498259,True,True,False
527,1,2,0.6230208595124404,0.0,0.0,0.020494635090094415,False,False,True
529,0,3,0.4847951746670017,0.0,0.0,0.015468569817999833,True,False,True
532,0,3,0.34656948982156316,0.0,0.0,0.014110458666029575,True,False,False
535,0,3,0.37170143252073384,0.0,0.0,0.016908073949327893,False,False,True
537,0,1,0.5601910027645137,0.0,0.0,0.051822148727810165,True,False,True
539,0,3,0.34656948982156316,0.0,0.0,0.028302115124416098,True,False,True
544,1,2,0.39683337521990447,0.125,0.0,0.050748620223090936,True,False,True
547,1,2,0.2334757476752953,0.125,0.0,0.050748620223090936,False,False,True
548,1,2,0.34656948982156316,0.0,0.0,0.02705779799394608,True,False,False
552,0,2,0.33400351847197784,0.0,0.0,0.050748620223090936,True,False,True
553,0,3,0.34656948982156316,0.0,0.0,0.015281580671177828,True,True,False
554,1,3,0.2711736617240512,0.0,0.0,0.014102260811993537,True,False,False
555,1,3,0.2711736617240512,0.0,0.0,0.015175789316712771,False,False,True
557,1,1,0.5978889168132697,0.125,0.0,0.07729405233978466,False,False,False
560,1,3,0.4470972606182458,0.125,0.0,0.033962538149299316,False,False,True
561,0,3,0.34656948982156316,0.0,0.0,0.015126992566498259,True,True,False
562,0,3,0.49736114601658704,0.0,0.0,0.015411575213749286,True,False,True
563,0,2,0.34656948982156316,0.0,0.0,0.026350245115835676,True,False,True
564,0,3,0.34656948982156316,0.0,0.0,0.015712553569072387,True,False,True
565,0,3,0.34656948982156316,0.0,0.0,0.015712553569072387,False,False,True
566,0,3,0.2963056044232219,0.25,0.0,0.04713766070721715,True,False,True
567,0,3,0.2334757476752953,0.0,0.0,0.015411575213749286,True,False,True
569,0,3,0.34656948982156316,0.0,0.0,0.014110458666029575,True,False,False
570,1,3,0.39683337521990447,0.0,0.0,0.015330377421392339,True,False,True
572,1,1,0.6607187735611963,0.25,0.0,0.10048070654571319,False,False,True
573,1,1,0.4470972606182458,0.0,0.0,0.051504969851415845,True,False,True
574,1,3,0.34656948982156316,0.0,0.0,0.015126992566498259,False,True,False
575,0,3,0.19577783362653933,0.0,0.0,0.015712553569072387,True,False,True
576,0,3,0.2334757476752953,0.0,0.0,0.028302115124416098,True,False,True
577,1,2,0.4219653179190751,0.0,0.0,0.025374310111545468,False,False,True
578,1,1,0.4847951746670017,0.125,0.0,0.1091095334796455,False,False,True
579,0,3,0.34656948982156316,0.125,0.0,0.028220722145058292,False,False,False
580,1,3,0.39683337521990447,0.0,0.0,0.015468569817999833,True,False,True
583,0,2,0.6732847449107816,0.0,0.0,0.050748620223090936,True,False,True
584,0,1,0.4470972606182458,0.0,0.0,0.07831878409428937,True,False,False
585,0,3,0.34656948982156316,0.0,0.0,0.017005667449756914,True,False,False
587,0,2,0.5853229454636844,0.0,0.0,0.02927805012870631,True,False,True
589,0,3,0.2711736617240512,0.0,0.0,0.015712553569072387,True,False,True
590,0,3,0.34656948982156316,0.0,0.0,0.015712553569072387,True,False,True
591,0,3,0.4345312892686604,0.0,0.0,0.013907073811135496,True,False,True
593,0,3,0.5853229454636844,0.0,0.0,0.014151057562208049,True,False,True
595,0,2,0.4596632319678311,0.125,0.0,0.050748620223090936,True,False,True
597,1,2,0.34656948982156316,0.0,0.0,0.06441171028315387,False,False,True
598,0,3,0.610454888162855,0.0,0.0,0.0,True,False,True
599,0,3,0.34656948982156316,0.0,0.0,0.014102260811993537,True,False,False
600,1,1,0.610454888162855,0.125,0.0,0.11111839809247648,True,False,False
602,0,3,0.34656948982156316,0.0,0.0,0.015411575213749286,True,False,True
603,0,1,0.34656948982156316,0.0,0.0,0.08275928836380983,True,False,True
604,0,3,0.5476250314149284,0.0,0.0,0.015712553569072387,True,False,True
605,1,1,0.4345312892686604,0.0,0.0,0.051822148727810165,True,False,False
606,0,3,0.4470972606182458,0.125,0.0,0.030351578633425542,True,False,True
607,0,3,0.37170143252073384,0.0,0.0,0.015411575213749286,True,False,True
608,1,1,0.33400351847197784,0.0,0.0,0.05953203526170282,True,False,True
612,0,3,0.34656948982156316,0.0,0.0,0.013760683560491965,True,False,True
613,1,3,0.34656948982156316,0.125,0.0,0.030253985132996517,False,True,False
614,0,3,0.34656948982156316,0.0,0.0,0.015126992566498259,True,True,False
615,0,3,0.4345312892686604,0.0,0.0,0.015712553569072387,True,False,True
618,0,3,0.32143754712239253,0.125,0.0,0.031425107138144774,False,False,True
620,0,2,0.32143754712239253,0.0,0.0,0.020494635090094415,True,False,True
621,0,3,0.33400351847197784,0.125,0.0,0.028212719478023115,True,False,False
622,1,1,0.5224930887157577,0.125,0.0,0.10257896680493714,True,False,True
624,0,3,0.2586076903744659,0.0,0.0,0.015330377421392339,True,False,True
625,0,3,0.2586076903744659,0.0,0.0,0.031425107138144774,True,False,True
629,0,3,0.32143754712239253,0.0,0.0,0.015411575213749286,True,False,True
630,0,3,0.34656948982156316,0.0,0.0,0.015094396337354966,True,True,False
632,0,3,0.6355868308620256,0.0,0.0,0.013768881414528002,True,False,True
633,1,1,0.39683337521990447,0.0,0.0,0.05953203526170282,True,False,False
634,0,1,0.34656948982156316,0.0,0.0,0.0,True,False,True
636,1,2,0.34656948982156316,0.0,0.0,0.025374310111545468,False,False,True
637,0,3,0.39683337521990447,0.0,0.0,0.015468569817999833,True,False,True
640,0,3,0.34656948982156316,0.125,0.0,0.031425107138144774,True,False,True
641,0,3,0.24604171902488062,0.0,0.0,0.015330377421392339,True,False,True
644,1,3,0.34656948982156316,0.0,0.0,0.11027245763075773,True,False,True
647,0,3,0.2334757476752953,0.0,0.0,0.015411575213749286,True,False,True
649,0,3,0.34656948982156316,0.0,0.0,0.014736618564782174,True,False,True
650,1,3,0.2837396330736366,0.0,0.0,0.014736618564782174,False,False,True
651,0,3,0.34656948982156316,0.0,0.0,0.015411575213749286,True,False,True
653,0,3,0.2586076903744659,0.0,0.0,0.01646070534336126,True,False,True
654,1,3,0.34656948982156316,0.0,0.0,0.015281580671177828,False,True,False
655,0,3,0.22090977632571,0.0,0.0,0.013175122557917838,False,True,False
657,0,3,0.34656948982156316,0.0,0.0,0.015411575213749286,True,False,True
659,0,2,0.2837396330736366,0.0,0.0,0.025374310111545468,True,False,True
662,0,3,0.49736114601658704,0.0,0.0,0.014102260811993537,True,False,False
663,0,1,0.5853229454636844,0.0,0.0,0.04994347384455151,True,False,True
664,0,3,0.4470972606182458,0.0,0.0,0.014630827210317117,True,False,True
665,1,3,0.24604171902488062,0.125,0.0,0.015468569817999833,True,False,True
667,0,2,0.3088715757728072,0.0,0.0,0.025374310111545468,True,False,True
668,0,3,0.34656948982156316,0.0,0.0,0.015175789316712771,True,False,True
669,0,3,0.5350590600653431,0.0,0.0,0.015712553569072387,True,False,True
670,1,1,0.34656948982156316,0.125,0.0,0.10149724044618187,False,False,True
672,0,1,0.38426740387031916,0.125,0.0,0.10149724044618187,True,False,True
674,1,2,0.38426740387031916,0.0,0.0,0.025374310111545468,True,False,True
675,0,2,0.34656948982156316,0.0,0.0,0.0,True,False,True
676,0,3,0.22090977632571,0.0,0.0,0.015175789316712771,True,False,True
677,0,3,0.30258859009801453,0.0,0.0,0.015712553569072387,True,False,True
678,1,3,0.22090977632571,0.0,0.0,0.019209719063445922,False,False,True
681,0,3,0.34656948982156316,0.0,0.0,0.01588334219482317,False,True,False
683,0,3,0.24604171902488062,0.0,0.0,0.01800600082915438,True,False,True
688,0,3,0.2334757476752953,0.0,0.0,0.019852079483269742,True,False,True
689,0,3,0.22090977632571,0.0,0.0,0.015216388212891242,True,False,True
691,1,1,0.38426740387031916,0.125,0.0,0.11125659048908397,True,False,True
693,1,3,0.34656948982156316,0.0,0.0,0.11027245763075773,True,False,True
694,0,3,0.3088715757728072,0.0,0.0,0.014102260811993537,True,False,False
696,0,2,0.648152802211611,0.0,0.0,0.026350245115835676,True,False,True
697,0,3,0.5476250314149284,0.0,0.0,0.015712553569072387,True,False,True
698,1,3,0.34656948982156316,0.0,0.0,0.015094396337354966,False,True,False
700,0,3,0.5224930887157577,0.0,0.0,0.014931805565640218,True,False,True
702,1,1,0.4345312892686604,0.0,0.0,0.05130978285055781,True,False,True
704,0,3,0.3088715757728072,0.0,0.0,0.015110792045427042,True,True,False
705,0,3,0.32143754712239253,0.125,0.0,0.015330377421392339,True,False,True
706,0,2,0.4847951746670017,0.0,0.0,0.050748620223090936,True,False,True
707,1,2,0.5601910027645137,0.0,0.0,0.026350245115835676,False,False,True
708,1,1,0.5224930887157577,0.0,0.0,0.05130978285055781,True,False,True
711,1,1,0.2963056044232219,0.0,0.0,0.09662576327876685,False,False,False
712,0,1,0.34656948982156316,0.0,0.0,0.051822148727810165,True,False,True
713,1,1,0.5978889168132697,0.125,0.0,0.10149724044618187,True,False,True
714,0,3,0.35913546117114853,0.0,0.0,0.018510168852370702,True,False,True
715,0,2,0.648152802211611,0.0,0.0,0.025374310111545468,True,False,True
716,0,3,0.2334757476752953,0.0,0.0,0.014931805565640218,True,False,True
718,1,2,0.33400351847197784,0.0,0.0,0.020494635090094415,False,False,True
719,0,3,0.34656948982156316,0.0,0.0,0.030253985132996517,True,True,False
720,0,3,0.4093993465694898,0.0,0.0,0.015175789316712771,True,False,True
722,0,3,0.20834380497612465,0.125,0.0,0.013768881414528002,True,False,True
723,0,2,0.4219653179190751,0.0,0.0,0.025374310111545468,True,False,True
724,0,2,0.6230208595124404,0.0,0.0,0.025374310111545468,True,False,True
725,1,1,0.33400351847197784,0.125,0.0,0.10364429745562033,True,False,True
726,0,3,0.24604171902488062,0.0,0.0,0.016908073949327893,True,False,True
728,1,3,0.34656948982156316,0.0,0.0,0.015102594191391004,False,True,False
729,0,2,0.3088715757728072,0.125,0.0,0.050748620223090936,True,False,True
730,0,3,0.3088715757728072,0.125,0.0,0.015468569817999833,False,False,True
732,0,3,0.1329479768786127,0.0,0.0,0.036670757786204655,True,False,False
733,0,2,0.34656948982156316,0.0,0.0,0.0,True,False,True
734,0,2,0.2837396330736366,0.0,0.0,0.025374310111545468,True,False,True
735,0,2,0.2837396330736366,0.0,0.0,0.025374310111545468,True,False,True
736,0,3,0.35285247549635584,0.0,0.0,0.031425107138144774,True,False,True
739,0,3,0.34656948982156316,0.0,0.0,0.015411575213749286,True,False,True
740,0,3,0.34656948982156316,0.0,0.0,0.015411575213749286,True,False,True
741,1,1,0.34656948982156316,0.0,0.0,0.05855610025741262,True,False,True
744,0,3,0.2963056044232219,0.125,0.0,0.031425107138144774,True,False,True
745,1,3,0.38426740387031916,0.0,0.0,0.015468569817999833,True,False,True
748,1,2,0.37170143252073384,0.0,0.0,0.025374310111545468,False,False,True
749,0,1,0.2334757476752953,0.125,0.0,0.10364429745562033,True,False,True
750,0,3,0.38426740387031916,0.0,0.0,0.015126992566498259,True,True,False
753,0,3,0.4093993465694898,0.0,0.0,0.018542765081513996,True,False,True
754,0,3,0.2837396330736366,0.0,0.0,0.015411575213749286,True,False,True
757,0,3,0.34656948982156316,0.0,0.0,0.015216388212891242,True,False,True
758,0,2,0.22090977632571,0.0,0.0,0.022446505098674838,True,False,True
759,0,3,0.4219653179190751,0.0,0.0,0.015712553569072387,True,False,True
761,0,3,0.34656948982156316,0.0,0.0,0.028302115124416098,True,False,True
762,0,3,0.5099271173661725,0.0,0.0,0.013907073811135496,True,False,True
763,1,3,0.24604171902488062,0.0,0.0,0.014110458666029575,True,False,False
765,0,3,0.19577783362653933,0.0,0.0,0.015175789316712771,True,False,True
767,0,1,0.34656948982156316,0.0,0.0,0.07729405233978466,True,False,False
768,0,3,0.3779844181955265,0.0,0.0,0.015126992566498259,False,True,False
769,0,3,0.34656948982156316,0.125,0.0,0.04713766070721715,True,True,False
770,0,3,0.39683337521990447,0.0,0.0,0.016322512946753766,True,False,True
771,0,3,0.2963056044232219,0.0,0.0,0.018542765081513996,True,False,True
772,0,3,0.5978889168132697,0.0,0.0,0.015330377421392339,True,False,True
774,0,3,0.34656948982156316,0.0,0.0,0.014102260811993537,True,False,False
776,0,3,0.22090977632571,0.0,0.0,0.015126992566498259,True,False,True
777,0,3,0.34656948982156316,0.0,0.0,0.015126992566498259,True,True,False
778,1,3,0.05755214878110078,0.0,0.0,0.024349578357040744,False,False,True
779,0,3,0.34656948982156316,0.0,0.0,0.015102594191391004,True,True,False
781,1,3,0.15807991957778336,0.0,0.0,0.014110458666029575,False,False,False
782,1,1,0.20834380497612465,0.125,0.0,0.11125659048908397,False,False,True
783,0,1,0.35913546117114853,0.0,0.0,0.05855610025741262,True,False,True
785,0,3,0.3088715757728072,0.0,0.0,0.013760683560491965,True,False,True
786,0,3,0.3088715757728072,0.0,0.0,0.014151057562208049,True,False,True
787,1,3,0.22090977632571,0.0,0.0,0.014630827210317117,False,False,True
791,0,3,0.34656948982156316,0.0,0.0,0.015126992566498259,True,True,False
792,0,2,0.19577783362653933,0.0,0.0,0.050748620223090936,True,False,True
794,0,1,0.34656948982156316,0.0,0.0,0.05991421140938287,True,False,False
795,0,3,0.3088715757728072,0.0,0.0,0.015411575213749286,True,False,True
796,0,2,0.4847951746670017,0.0,0.0,0.025374310111545468,True,False,True
797,1,1,0.610454888162855,0.0,0.0,0.050610427826483444,False,False,True
798,1,3,0.38426740387031916,0.0,0.0,0.016948672845506364,False,False,True
799,0,3,0.37170143252073384,0.0,0.0,0.014110458666029575,True,False,False
801,0,2,0.4219653179190751,0.0,0.0,0.025374310111545468,True,False,True
805,1,3,0.33400351847197784,0.0,0.0,0.013614293309848433,True,False,True
806,0,3,0.38426740387031916,0.0,0.0,0.015175789316712771,True,False,True
807,0,1,0.4847951746670017,0.0,0.0,0.0,True,False,True
808,0,3,0.22090977632571,0.0,0.0,0.015175789316712771,False,False,True
809,0,2,0.4847951746670017,0.0,0.0,0.025374310111545468,True,False,True
810,1,1,0.4093993465694898,0.125,0.0,0.10364429745562033,False,False,True
811,0,3,0.32143754712239253,0.0,0.0,0.015395374692678068,True,False,True
812,0,3,0.4847951746670017,0.0,0.0,0.04713766070721715,True,False,True
813,0,2,0.4345312892686604,0.0,0.0,0.020494635090094415,True,False,True
815,0,3,0.3779844181955265,0.0,0.0,0.015712553569072387,True,False,True
816,0,1,0.34656948982156316,0.0,0.0,0.0,True,False,True
817,0,3,0.2837396330736366,0.0,0.0,0.015468569817999833,False,False,True
819,0,3,0.5350590600653431,0.0,0.0,0.012589561555343713,True,False,True
822,1,3,0.33400351847197784,0.0,0.0,0.016908073949327893,True,False,True
823,0,1,0.4722292033174164,0.0,0.0,0.0,True,False,True
826,0,3,0.34656948982156316,0.0,0.0,0.013565496559633922,True,True,False
827,0,3,0.34656948982156316,0.0,0.0,0.11027245763075773,True,False,True
829,1,3,0.34656948982156316,0.0,0.0,0.015126992566498259,True,True,False
831,1,3,0.18321186227695402,0.125,0.0,0.028212719478023115,False,False,False
833,0,3,0.34656948982156316,0.0,0.0,0.014110458666029575,True,False,False
834,0,3,0.2837396330736366,0.0,0.0,0.015330377421392339,True,False,True
835,0,3,0.22090977632571,0.0,0.0,0.016200521071217493,True,False,True
837,0,3,0.2586076903744659,0.0,0.0,0.016908073949327893,True,False,True
838,0,3,0.34656948982156316,0.0,0.0,0.015712553569072387,True,False,True
839,1,3,0.39683337521990447,0.0,0.0,0.11027245763075773,True,False,True
840,1,1,0.34656948982156316,0.0,0.0,0.057970539254838485,True,False,False
841,0,3,0.24604171902488062,0.0,0.0,0.015468569817999833,True,False,True
842,0,2,0.19577783362653933,0.0,0.0,0.020494635090094415,True,False,True
843,1,1,0.37170143252073384,0.0,0.0,0.060507970265993034,False,False,False
844,0,3,0.4282483035938678,0.0,0.0,0.012565163180236457,True,False,False
845,0,3,0.20834380497612465,0.0,0.0,0.016908073949327893,True,False,True
846,0,3,0.5224930887157577,0.0,0.0,0.014736618564782174,True,False,True
848,0,3,0.4345312892686604,0.0,0.0,0.015411575213749286,True,False,False
855,0,2,0.5476250314149284,0.125,0.0,0.050748620223090936,False,False,True
858,1,1,0.6355868308620256,0.0,0.0,0.051822148727810165,True,False,True
860,0,3,0.34656948982156316,0.0,0.0,0.014110458666029575,True,False,False
861,0,3,0.5099271173661725,0.25,0.0,0.027537567642055148,True,False,True
862,0,2,0.2586076903744659,0.125,0.0,0.022446505098674838,True,False,True
863,1,1,0.5978889168132697,0.0,0.0,0.050610427826483444,False,False,True
865,0,2,0.2963056044232219,0.0,0.0,0.025374310111545468,True,False,True
866,1,2,0.5224930887157577,0.0,0.0,0.025374310111545468,False,False,True
867,1,2,0.33400351847197784,0.125,0.0,0.027049600139910042,False,False,False
868,0,1,0.38426740387031916,0.0,0.0,0.09856123757927521,True,False,True
869,0,3,0.34656948982156316,0.0,0.0,0.018542765081513996,True,False,True
871,0,3,0.32143754712239253,0.0,0.0,0.015411575213749286,True,False,True
873,0,1,0.4093993465694898,0.0,0.0,0.009759350042902102,True,False,True
874,0,3,0.5853229454636844,0.0,0.0,0.017566830077223785,True,False,True
875,1,2,0.34656948982156316,0.125,0.0,0.04684488020593009,False,False,False
876,1,3,0.18321186227695402,0.0,0.0,0.014102260811993537,False,False,False
877,0,3,0.24604171902488062,0.0,0.0,0.019217721730481106,True,False,True
878,0,3,0.2334757476752953,0.0,0.0,0.015411575213749286,True,False,True
879,0,3,0.34656948982156316,0.0,0.0,0.015411575213749286,True,False,True
882,0,3,0.4093993465694898,0.0,0.0,0.015411575213749286,True,False,True
883,0,3,0.2711736617240512,0.0,0.0,0.02052723131923771,False,False,True
884,0,2,0.34656948982156316,0.0,0.0,0.020494635090094415,True,False,True
885,0,3,0.3088715757728072,0.0,0.0,0.013760683560491965,True,False,True
887,0,2,0.33400351847197784,0.0,0.0,0.025374310111545468,True,False,True
888,1,1,0.2334757476752953,0.0,0.0,0.05855610025741262,False,False,True
890,1,1,0.32143754712239253,0.0,0.0,0.05855610025741262,True,False,False
891,0,3,0.39683337521990447,0.0,0.0,0.015126992566498259,True,True,False
